with cte(a,b) as (select 1 from dual) select * from cte;
ERROR 5740 (HY000): number of WITH clause column names does not match number of elements in select list

with cte(a,b) as (with cte2(a,b) as (select 1,1 from dual) select a,b from cte) select * from cte;
ERROR 5742 (HY000): recursive WITH clause must use a UNION ALL operation

with cte(a,a) as (select 1 from dual) select * from cte;
ERROR 5751 (HY000): duplicate name found in column alias list for WITH clause

with cte as (select 1,1 from dual union all select a+1,b+1 from cte where cte.a < 10) select * from cte;
ERROR 1054 (42S22): Unknown column 'cte.a' in 'where clause'

# MySQL不支持search depth关键字
with cte(a,b,c) as
(
select 1,2,3 from dual
union all
select a+1,b+1,c+1 from cte where cte.c < 10
) search depth first by d set pcol select * from cte;
ERROR 1064 (42000): You have an error in your SQL syntax; check the manual that corresponds to your OceanBase version for the right syntax to use near 'search depth first by d set pcol select * from cte' at line 6

# MySQL不支持cycle关键字
with cte(n, x) as (select /*+ materialize */ 1,2 from dual) cycle n,n set iscyc to 'aaaaay' default 'n' select * from cte;
ERROR 1064 (42000): You have an error in your SQL syntax; check the manual that corresponds to your OceanBase version for the right syntax to use near 'cycle n,n set iscyc to 'aaaaay' default 'n' select * from cte' at line 1

with cte(a,b,c) as
(
select 1,2,3 from dual
union
select a+1,b+1,c+1 from cte, cte b where cte.c < 10 and b.c = cte.c
)  select * from cte;
ERROR 5742 (HY000): recursive WITH clause must use a UNION ALL operation

with cte(a,b,c) as
(
select 1,2,3 from dual
union all
select 1,2,3 from dual
union all
select a+1,b+1,c+1 from cte, cte b where cte.c < 10 and b.c = cte.c
)  select * from cte;
ERROR 5762 (HY000): recursive query name referenced more than once in recursive branch of recursive WITH clause element

with t1 as (select c1 from t1) select * from t1;
ERROR 5741 (HY000): recursive WITH clause must have column alias list

## success
with cte1(a,b) as (select 'a','b' from dual), cte2 as (select * from cte1 where b > 'c'), cte3 as (select * from cte2 where a > 1 union select * from cte2 where a > 1) select * from cte3;
Empty set

with cte(a) as (select 1,1 from dual union all select a+1, a+1 from cte where a+1 < 10) select * from cte;
ERROR 5740 (HY000): number of WITH clause column names does not match number of elements in select list

with cte(n) AS (select 1 from dual UNION ALL select n+1 from cte where n < 3 UNION ALL select 2 from dual) select * from cte;
ERROR 5743 (HY000): UNION ALL operation in recursive WITH clause must have only two branches

with cte(n) AS ( select 1 from dual UNION ALL select sum(n+1) from cte) select * from cte;
ERROR 5758 (HY000): unsupported operation in recursive branch of recursive WITH clause

with cte(n) AS ( select 1 from dual UNION ALL select (select 1 from dual) from cte where cte.n < 2) select * from    cte;
ERROR 5746 (HY000): cycle detected while executing recursive WITH query

with cte (c1, c2, c3) as ( select * from ( select c1, c2, c3 from t1 union select c1, c2, c3 from t1) where c1 = 1 union all select * from t1 join cte c on t1.c1 = c.c1 where c.c1 < 10 ) select * from   cte;
ERROR 1222 (21000): The used SELECT statements have a different number of columns

with cte(n) AS ( select 1 from cte) select * from cte;
ERROR 5742 (HY000): recursive WITH clause must use a UNION ALL operation

with cte(n) AS (select 1 from dual UNION ALL select n+1 from cte where n < 3 order by n ) select * from cte;
ERROR 1054 (42S22): Unknown column 'n' in 'order clause'


